{"assets":[{"type":"HAT","chip_offset":{"x":0,"y":0},"product_id":"hat_NoHat","main":null,"back":null,"left_main":null,"left_back":null,"climb":null,"floor":null,"left_climb":null,"left_floor":null,"thumb":null},{"type":"HAT","chip_offset":{"x":0,"y":0},"product_id":"hat_astronaut","main":"main.png","back":null,"left_main":null,"left_back":null,"climb":"climb.png","floor":"floor.png","left_climb":null,"left_floor":null,"thumb":"thumb.png"},{"type":"HAT","chip_offset":{"x":0,"y":0},"product_id":"hat_brainslug","main":"main.png","back":null,"left_main":null,"left_back":null,"climb":"climb.png","floor":"floor.png","left_climb":null,"left_floor":null,"thumb":"thumb.png"},{"type":"HAT","chip_offset":{"x":0,"y":0},"product_id":"hat_bushhat","main":"main.png","back":null,"left_main":null,"left_back":null,"climb":"climb.png","floor":"floor.png","left_climb":null,"left_floor":null,"thumb":"thumb.png"},{"type":"HAT","chip_offset":{"x":0,"y":0},"product_id":"hat_Chocolate","main":"main.png","back":null,"left_main":null,"left_back":null,"climb":"climb.png","floor":"floor.png","left_climb":null,"left_floor":null,"thumb":"thumb.png"},{"type":"HAT","chip_offset":{"x":0,"y":0},"product_id":"hat_doubletophat","main":"main.png","back":null,"left_main":null,"left_back":null,"climb":"climb.png","floor":"floor.png","left_climb":null,"left_floor":null,"thumb":"thumb.png"},{"type":"HAT","chip_offset":{"x":0,"y":0},"product_id":"hat_flowerpot","main":"main.png","back":null,"left_main":null,"left_back":null,"climb":"climb.png","floor":"floor.png","left_climb":null,"left_floor":null,"thumb":"thumb.png"},{"type":"HAT","chip_offset":{"x":0,"y":0},"product_id":"hat_goggles","main":"main.png","back":null,"left_main":null,"left_back":null,"climb":"climb.png","floor":"floor.png","left_climb":null,"left_floor":null,"thumb":"thumb.png"},{"type":"HAT","chip_offset":{"x":0,"y":0},"product_id":"hat_hardhat","main":"main.png","back":null,"left_main":null,"left_back":null,"climb":"climb.png","floor":"floor.png","left_climb":null,"left_floor":null,"thumb":"thumb.png"},{"type":"HAT","chip_offset":{"x":0,"y":0},"product_id":"hat_Heart","main":"main.png","back":null,"left_main":null,"left_back":null,"climb":"climb.png","floor":"floor.png","left_climb":null,"left_floor":null,"thumb":"thumb.png"},{"type":"HAT","chip_offset":{"x":0,"y":0},"product_id":"hat_military","main":"main.png","back":null,"left_main":null,"left_back":null,"climb":"climb.png","floor":"floor.png","left_climb":null,"left_floor":null,"thumb":"thumb.png"},{"type":"HAT","chip_offset":{"x":0,"y":0},"product_id":"hat_police","main":"main.png","back":null,"left_main":null,"left_back":null,"climb":"climb.png","floor":"floor.png","left_climb":null,"left_floor":null,"thumb":"thumb.png"},{"type":"HAT","chip_offset":{"x":0,"y":0},"product_id":"hat_paperhat","main":"main.png","back":null,"left_main":null,"left_back":null,"climb":"climb.png","floor":"floor.png","left_climb":null,"left_floor":null,"thumb":"thumb.png"},{"type":"HAT","chip_offset":{"x":0,"y":0},"product_id":"hat_partyhat","main":"main.png","back":null,"left_main":null,"left_back":null,"climb":"climb.png","floor":"floor.png","left_climb":null,"left_floor":null,"thumb":"thumb.png"},{"type":"HAT","chip_offset":{"x":0,"y":0},"product_id":"hat_pk01_BaseballCap","main":"main.png","back":null,"left_main":null,"left_back":null,"climb":"climb.png","floor":"floor.png","left_climb":null,"left_floor":null,"thumb":"thumb.png"},{"type":"HAT","chip_offset":{"x":0,"y":0},"product_id":"hat_pk02_PipCap","main":"main.png","back":null,"left_main":null,"left_back":null,"climb":"climb.png","floor":"floor.png","left_climb":null,"left_floor":null,"thumb":"thumb.png"},{"type":"HAT","chip_offset":{"x":0,"y":0},"product_id":"hat_pk02_PlungerHat","main":"main.png","back":null,"left_main":null,"left_back":null,"climb":"climb.png","floor":"floor.png","left_climb":null,"left_floor":null,"thumb":"thumb.png"},{"type":"HAT","chip_offset":{"x":0,"y":0},"product_id":"hat_pk02_StrawHat","main":"main.png","back":null,"left_main":null,"left_back":null,"climb":"climb.png","floor":"floor.png","left_climb":null,"left_floor":null,"thumb":"thumb.png"},{"type":"HAT","chip_offset":{"x":0,"y":0},"product_id":"hat_pk02_TenGallonHat","main":"main.png","back":null,"left_main":null,"left_back":null,"climb":"climb.png","floor":"floor.png","left_climb":null,"left_floor":null,"thumb":"thumb.png"},{"type":"HAT","chip_offset":{"x":0,"y":0},"product_id":"hat_pk02_ToiletPaperHat","main":"main.png","back":null,"left_main":null,"left_back":null,"climb":"climb.png","floor":"floor.png","left_climb":null,"left_floor":null,"thumb":"thumb.png"},{"type":"HAT","chip_offset":{"x":0,"y":0},"product_id":"hat_pk03_Fedora","main":"main.png","back":null,"left_main":null,"left_back":null,"climb":"climb.png","floor":"floor.png","left_climb":null,"left_floor":null,"thumb":"thumb.png"},{"type":"HAT","chip_offset":{"x":0,"y":0.2},"product_id":"hat_pk03_Goggles","main":"main.png","back":null,"left_main":null,"left_back":null,"climb":"climb.png","floor":"floor.png","left_climb":null,"left_floor":null,"thumb":"thumb.png"},{"type":"HAT","chip_offset":{"x":-0.05,"y":0.2},"product_id":"hat_pk03_StrapHat","main":"main.png","back":null,"left_main":null,"left_back":null,"climb":"climb.png","floor":"floor.png","left_climb":null,"left_floor":null,"thumb":"thumb.png"},{"type":"HAT","chip_offset":{"x":0,"y":0},"product_id":"hat_pk04_Antenna","main":"main.png","back":null,"left_main":null,"left_back":null,"climb":"climb.png","floor":"floor.png","left_climb":null,"left_floor":null,"thumb":"thumb.png"},{"type":"HAT","chip_offset":{"x":0,"y":0},"product_id":"hat_pk04_Balloon","main":"main.png","back":null,"left_main":null,"left_back":null,"climb":"climb.png","floor":"floor.png","left_climb":null,"left_floor":null,"thumb":"thumb.png"},{"type":"HAT","chip_offset":{"x":0,"y":0},"product_id":"hat_pk04_Banana","main":"main.png","back":null,"left_main":null,"left_back":null,"climb":"climb.png","floor":"floor.png","left_climb":null,"left_floor":null,"thumb":"thumb.png"},{"type":"HAT","chip_offset":{"x":0,"y":0.2},"product_id":"hat_pk04_Bandana","main":"main.png","back":null,"left_main":null,"left_back":null,"climb":"climb.png","floor":"floor.png","left_climb":null,"left_floor":null,"thumb":"thumb.png"},{"type":"HAT","chip_offset":{"x":0,"y":0},"product_id":"hat_pk04_Beanie","main":"main.png","back":null,"left_main":null,"left_back":null,"climb":"climb.png","floor":"floor.png","left_climb":null,"left_floor":null,"thumb":"thumb.png"},{"type":"HAT","chip_offset":{"x":0,"y":0},"product_id":"hat_pk04_Bear","main":"main.png","back":null,"left_main":null,"left_back":null,"climb":"climb.png","floor":"floor.png","left_climb":null,"left_floor":null,"thumb":"thumb.png"},{"type":"HAT","chip_offset":{"x":0,"y":0},"product_id":"hat_pk04_BirdNest","main":"main.png","back":null,"left_main":null,"left_back":null,"climb":"climb.png","floor":"floor.png","left_climb":null,"left_floor":null,"thumb":"thumb.png"},{"type":"HAT","chip_offset":{"x":0,"y":0},"product_id":"hat_pk04_Chef","main":"main.png","back":null,"left_main":null,"left_back":null,"climb":"climb.png","floor":"floor.png","left_climb":null,"left_floor":null,"thumb":"thumb.png"},{"type":"HAT","chip_offset":{"x":0,"y":0.2},"product_id":"hat_pk04_DoRag","main":"main.png","back":null,"left_main":null,"left_back":null,"climb":"climb.png","floor":"floor.png","left_climb":null,"left_floor":null,"thumb":"thumb.png"},{"type":"HAT","chip_offset":{"x":0,"y":0},"product_id":"hat_pk04_Fez","main":"main.png","back":null,"left_main":null,"left_back":null,"climb":"climb.png","floor":"floor.png","left_climb":null,"left_floor":null,"thumb":"thumb.png"},{"type":"HAT","chip_offset":{"x":0,"y":0},"product_id":"hat_pk04_GeneralHat","main":"main.png","back":null,"left_main":null,"left_back":null,"climb":"climb.png","floor":"floor.png","left_climb":null,"left_floor":null,"thumb":"thumb.png"},{"type":"HAT","chip_offset":{"x":0,"y":0},"product_id":"hat_captain","main":"main.png","back":null,"left_main":null,"left_back":null,"climb":"climb.png","floor":"floor.png","left_climb":null,"left_floor":null,"thumb":"thumb.png"},{"type":"HAT","chip_offset":{"x":0,"y":0},"product_id":"hat_pk04_HunterCap","main":"main.png","back":null,"left_main":null,"left_back":null,"climb":"climb.png","floor":"floor.png","left_climb":null,"left_floor":null,"thumb":"thumb.png"},{"type":"HAT","chip_offset":{"x":0,"y":0.2},"product_id":"hat_pk04_JungleHat","main":"main.png","back":null,"left_main":null,"left_back":null,"climb":"climb.png","floor":"floor.png","left_climb":null,"left_floor":null,"thumb":"thumb.png"},{"type":"HAT","chip_offset":{"x":0,"y":0},"product_id":"hat_pk04_Pompadour","main":"main.png","back":null,"left_main":null,"left_back":null,"climb":"climb.png","floor":"floor.png","left_climb":null,"left_floor":null,"thumb":"thumb.png"},{"type":"HAT","chip_offset":{"x":0,"y":0},"product_id":"hat_pk04_RamHorns","main":"main.png","back":"back.png","left_main":null,"left_back":null,"climb":"climb.png","floor":"floor.png","left_climb":null,"left_floor":null,"thumb":"thumb.png"},{"type":"HAT","chip_offset":{"x":0,"y":0},"product_id":"hat_pk04_Slippery","main":"main.png","back":"back.png","left_main":"left_main.png","left_back":null,"climb":"climb.png","floor":"floor.png","left_climb":null,"left_floor":null,"thumb":"thumb.png"},{"type":"HAT","chip_offset":{"x":0,"y":0},"product_id":"hat_pk04_Snowman","main":"main.png","back":null,"left_main":null,"left_back":null,"climb":"climb.png","floor":"floor.png","left_climb":null,"left_floor":null,"thumb":"thumb.png"},{"type":"HAT","chip_offset":{"x":-0.1,"y":0.35},"product_id":"hat_pk04_Vagabond","main":"main.png","back":null,"left_main":null,"left_back":null,"climb":"climb.png","floor":"floor.png","left_climb":null,"left_floor":null,"thumb":"thumb.png"},{"type":"HAT","chip_offset":{"x":0,"y":0},"product_id":"hat_pk05_Cheese","main":"main.png","back":null,"left_main":null,"left_back":null,"climb":"climb.png","floor":"floor.png","left_climb":null,"left_floor":null,"thumb":"thumb.png"},{"type":"HAT","chip_offset":{"x":0,"y":0},"product_id":"hat_pk05_Cherry","main":"main.png","back":null,"left_main":null,"left_back":null,"climb":"climb.png","floor":"floor.png","left_climb":null,"left_floor":null,"thumb":"thumb.png"},{"type":"HAT","chip_offset":{"x":0,"y":0},"product_id":"hat_pk05_Egg","main":"main.png","back":null,"left_main":null,"left_back":null,"climb":"climb.png","floor":"floor.png","left_climb":null,"left_floor":null,"thumb":"thumb.png"},{"type":"HAT","chip_offset":{"x":-0.1,"y":0},"product_id":"hat_pk05_Fedora","main":"main.png","back":null,"left_main":null,"left_back":null,"climb":"climb.png","floor":"floor.png","left_climb":null,"left_floor":null,"thumb":"thumb.png"},{"type":"HAT","chip_offset":{"x":0,"y":0},"product_id":"hat_pk05_Flamingo","main":"main.png","back":null,"left_main":null,"left_back":null,"climb":"climb.png","floor":"floor.png","left_climb":null,"left_floor":null,"thumb":"thumb.png"},{"type":"HAT","chip_offset":{"x":0,"y":0},"product_id":"hat_pk05_FlowerPin","main":"main.png","back":null,"left_main":null,"left_back":null,"climb":"climb.png","floor":"floor.png","left_climb":null,"left_floor":null,"thumb":"thumb.png"},{"type":"HAT","chip_offset":{"x":0,"y":0},"product_id":"hat_pk05_Helmet","main":"main.png","back":null,"left_main":null,"left_back":null,"climb":"climb.png","floor":"floor.png","left_climb":null,"left_floor":null,"thumb":"thumb.png"},{"type":"HAT","chip_offset":{"x":0,"y":0},"product_id":"hat_pk05_Plant","main":"main.png","back":null,"left_main":null,"left_back":null,"climb":"climb.png","floor":"floor.png","left_climb":null,"left_floor":null,"thumb":"thumb.png"},{"type":"HAT","chip_offset":{"x":0,"y":0},"product_id":"hat_Ponytail","main":"main.png","back":null,"left_main":null,"left_back":null,"climb":"climb.png","floor":"floor.png","left_climb":null,"left_floor":null,"thumb":"thumb.png"},{"type":"HAT","chip_offset":{"x":0,"y":0},"product_id":"hat_Rubberglove","main":"main.png","back":null,"left_main":null,"left_back":null,"climb":"climb.png","floor":"floor.png","left_climb":null,"left_floor":null,"thumb":"thumb.png"},{"type":"HAT","chip_offset":{"x":0,"y":0},"product_id":"hat_russian","main":"main.png","back":null,"left_main":null,"left_back":null,"climb":"climb.png","floor":"floor.png","left_climb":null,"left_floor":null,"thumb":"thumb.png"},{"type":"HAT","chip_offset":{"x":0,"y":0},"product_id":"hat_stethescope","main":"main.png","back":null,"left_main":null,"left_back":null,"climb":"climb.png","floor":"floor.png","left_climb":null,"left_floor":null,"thumb":"thumb.png"},{"type":"HAT","chip_offset":{"x":0,"y":0},"product_id":"hat_tophat","main":"main.png","back":null,"left_main":null,"left_back":null,"climb":"climb.png","floor":"floor.png","left_climb":null,"left_floor":null,"thumb":"thumb.png"},{"type":"HAT","chip_offset":{"x":0,"y":0},"product_id":"hat_towelwizard","main":"main.png","back":null,"left_main":null,"left_back":null,"climb":"climb.png","floor":"floor.png","left_climb":null,"left_floor":null,"thumb":"thumb.png"},{"type":"HAT","chip_offset":{"x":0,"y":0.25},"product_id":"hat_Unicorn","main":"main.png","back":"back.png","left_main":null,"left_back":null,"climb":"climb.png","floor":"floor.png","left_climb":null,"left_floor":null,"thumb":"thumb.png"},{"type":"HAT","chip_offset":{"x":0,"y":0},"product_id":"hat_viking","main":"main.png","back":"back.png","left_main":null,"left_back":null,"climb":"climb.png","floor":"floor.png","left_climb":null,"left_floor":null,"thumb":"thumb.png"},{"type":"HAT","chip_offset":{"x":0,"y":0},"product_id":"hat_wallcap","main":"main.png","back":null,"left_main":null,"left_back":null,"climb":"climb.png","floor":"floor.png","left_climb":null,"left_floor":null,"thumb":"thumb.png"},{"type":"HAT","chip_offset":{"x":0,"y":0},"product_id":"hat_pk04_CCC","main":"main.png","back":null,"left_main":"left_main.png","left_back":null,"climb":"climb.png","floor":"floor.png","left_climb":null,"left_floor":null,"thumb":"thumb.png"},{"type":"HAT","chip_offset":{"x":0,"y":0},"product_id":"hat_whitetophat","main":"main.png","back":null,"left_main":null,"left_back":null,"climb":"climb.png","floor":"floor.png","left_climb":null,"left_floor":null,"thumb":"thumb.png"},{"type":"HAT","chip_offset":{"x":0,"y":0},"product_id":"hat_Zipper","main":"main.png","back":null,"left_main":null,"left_back":null,"climb":"climb.png","floor":"floor.png","left_climb":null,"left_floor":null,"thumb":"thumb.png"}]}