{"assets":[{"type":"HAT","chip_offset":{"x":0,"y":0},"product_id":"hat_NoHat","player_material":false,"main":null,"back":null,"left_main":null,"left_back":null,"climb":null,"floor":null,"left_climb":null,"left_floor":null,"thumb":null},{"type":"HAT","chip_offset":{"x":0,"y":0},"product_id":"hat_astronaut","player_material":false,"main":{"file":"main.png","pivot":{"x":75,"y":3}},"back":null,"left_main":null,"left_back":null,"climb":{"file":"climb.png","pivot":{"x":49,"y":6}},"floor":{"file":"floor.png","pivot":{"x":68,"y":26}},"left_climb":null,"left_floor":null,"thumb":{"file":"thumb.png","pivot":{"x":75,"y":3}}},{"type":"HAT","chip_offset":{"x":0,"y":0},"product_id":"hat_brainslug","player_material":false,"main":{"file":"main.png","pivot":{"x":60,"y":-11}},"back":null,"left_main":null,"left_back":null,"climb":{"file":"climb.png","pivot":{"x":63,"y":5}},"floor":{"file":"floor.png","pivot":{"x":70,"y":32}},"left_climb":null,"left_floor":null,"thumb":{"file":"thumb.png","pivot":{"x":60,"y":-11}}},{"type":"HAT","chip_offset":{"x":0,"y":0},"product_id":"hat_bushhat","player_material":false,"main":{"file":"main.png","pivot":{"x":98.00001,"y":12}},"back":null,"left_main":null,"left_back":null,"climb":{"file":"climb.png","pivot":{"x":51,"y":40}},"floor":{"file":"floor.png","pivot":{"x":102,"y":30.000002}},"left_climb":null,"left_floor":null,"thumb":{"file":"thumb.png","pivot":{"x":98.00001,"y":12}}},{"type":"HAT","chip_offset":{"x":0,"y":0},"product_id":"hat_Chocolate","player_material":false,"main":{"file":"main.png","pivot":{"x":63.999996,"y":-12}},"back":null,"left_main":null,"left_back":null,"climb":{"file":"climb.png","pivot":{"x":53,"y":5}},"floor":{"file":"floor.png","pivot":{"x":60.000004,"y":15}},"left_climb":null,"left_floor":null,"thumb":{"file":"thumb.png","pivot":{"x":63.999996,"y":-12}}},{"type":"HAT","chip_offset":{"x":0,"y":0},"product_id":"hat_doubletophat","player_material":false,"main":{"file":"main.png","pivot":{"x":102.00001,"y":4}},"back":null,"left_main":null,"left_back":null,"climb":{"file":"climb.png","pivot":{"x":54,"y":25.999998}},"floor":{"file":"floor.png","pivot":{"x":87,"y":32}},"left_climb":null,"left_floor":null,"thumb":{"file":"thumb.png","pivot":{"x":102.00001,"y":4}}},{"type":"HAT","chip_offset":{"x":0,"y":0},"product_id":"hat_flowerpot","player_material":false,"main":{"file":"main.png","pivot":{"x":61,"y":-11}},"back":null,"left_main":null,"left_back":null,"climb":{"file":"climb.png","pivot":{"x":64,"y":36}},"floor":{"file":"floor.png","pivot":{"x":34,"y":3}},"left_climb":null,"left_floor":null,"thumb":{"file":"thumb.png","pivot":{"x":61,"y":-11}}},{"type":"HAT","chip_offset":{"x":0,"y":0},"product_id":"hat_goggles","player_material":false,"main":{"file":"main.png","pivot":{"x":54,"y":12}},"back":null,"left_main":null,"left_back":null,"climb":{"file":"climb.png","pivot":{"x":76.99999,"y":25}},"floor":{"file":"floor.png","pivot":{"x":62.000004,"y":9}},"left_climb":null,"left_floor":null,"thumb":{"file":"thumb.png","pivot":{"x":54,"y":12}}},{"type":"HAT","chip_offset":{"x":0,"y":0},"product_id":"hat_hardhat","player_material":false,"main":{"file":"main.png","pivot":{"x":68,"y":18}},"back":null,"left_main":null,"left_back":null,"climb":{"file":"climb.png","pivot":{"x":85,"y":16}},"floor":{"file":"floor.png","pivot":{"x":73,"y":36}},"left_climb":null,"left_floor":null,"thumb":{"file":"thumb.png","pivot":{"x":68,"y":18}}},{"type":"HAT","chip_offset":{"x":0,"y":0},"product_id":"hat_Heart","player_material":false,"main":{"file":"main.png","pivot":{"x":31,"y":-32}},"back":null,"left_main":null,"left_back":null,"climb":{"file":"climb.png","pivot":{"x":-12,"y":-64}},"floor":{"file":"floor.png","pivot":{"x":64,"y":33}},"left_climb":null,"left_floor":null,"thumb":{"file":"thumb.png","pivot":{"x":31,"y":-32}}},{"type":"HAT","chip_offset":{"x":0,"y":0},"product_id":"hat_military","player_material":false,"main":{"file":"main.png","pivot":{"x":63,"y":-0.99999994}},"back":null,"left_main":null,"left_back":null,"climb":{"file":"climb.png","pivot":{"x":73,"y":11}},"floor":{"file":"floor.png","pivot":{"x":92.99999,"y":33}},"left_climb":null,"left_floor":null,"thumb":{"file":"thumb.png","pivot":{"x":63,"y":-0.99999994}}},{"type":"HAT","chip_offset":{"x":0,"y":0},"product_id":"hat_police","player_material":false,"main":{"file":"main.png","pivot":{"x":63,"y":-0.99999994}},"back":null,"left_main":null,"left_back":null,"climb":{"file":"climb.png","pivot":{"x":73,"y":11}},"floor":{"file":"floor.png","pivot":{"x":92.99999,"y":33}},"left_climb":null,"left_floor":null,"thumb":{"file":"thumb.png","pivot":{"x":63,"y":-0.99999994}}},{"type":"HAT","chip_offset":{"x":0,"y":0},"product_id":"hat_paperhat","player_material":false,"main":{"file":"main.png","pivot":{"x":65,"y":2}},"back":null,"left_main":null,"left_back":null,"climb":{"file":"climb.png","pivot":{"x":59,"y":0.99999994}},"floor":{"file":"floor.png","pivot":{"x":61,"y":24}},"left_climb":null,"left_floor":null,"thumb":{"file":"thumb.png","pivot":{"x":65,"y":2}}},{"type":"HAT","chip_offset":{"x":0,"y":0},"product_id":"hat_partyhat","player_material":false,"main":{"file":"main.png","pivot":{"x":60.000004,"y":-7}},"back":null,"left_main":null,"left_back":null,"climb":{"file":"climb.png","pivot":{"x":35,"y":0}},"floor":{"file":"floor.png","pivot":{"x":45,"y":27}},"left_climb":null,"left_floor":null,"thumb":{"file":"thumb.png","pivot":{"x":60.000004,"y":-7}}},{"type":"HAT","chip_offset":{"x":0,"y":0},"product_id":"hat_pk01_BaseballCap","player_material":false,"main":{"file":"main.png","pivot":{"x":62,"y":12.000001}},"back":null,"left_main":null,"left_back":null,"climb":{"file":"climb.png","pivot":{"x":47,"y":31}},"floor":{"file":"floor.png","pivot":{"x":73,"y":26}},"left_climb":null,"left_floor":null,"thumb":{"file":"thumb.png","pivot":{"x":62,"y":12.000001}}},{"type":"HAT","chip_offset":{"x":0,"y":0},"product_id":"hat_pk02_PipCap","player_material":false,"main":{"file":"main.png","pivot":{"x":63,"y":7.0000005}},"back":null,"left_main":null,"left_back":null,"climb":{"file":"climb.png","pivot":{"x":54,"y":3}},"floor":{"file":"floor.png","pivot":{"x":72,"y":18}},"left_climb":null,"left_floor":null,"thumb":{"file":"thumb.png","pivot":{"x":63,"y":7.0000005}}},{"type":"HAT","chip_offset":{"x":0,"y":0},"product_id":"hat_pk02_PlungerHat","player_material":false,"main":{"file":"main.png","pivot":{"x":45,"y":-16}},"back":null,"left_main":null,"left_back":null,"climb":{"file":"climb.png","pivot":{"x":39,"y":11}},"floor":{"file":"floor.png","pivot":{"x":74,"y":29}},"left_climb":null,"left_floor":null,"thumb":{"file":"thumb.png","pivot":{"x":45,"y":-16}}},{"type":"HAT","chip_offset":{"x":0,"y":0},"product_id":"hat_pk02_StrawHat","player_material":false,"main":{"file":"main.png","pivot":{"x":64,"y":19}},"back":null,"left_main":null,"left_back":null,"climb":{"file":"climb.png","pivot":{"x":66,"y":24}},"floor":{"file":"floor.png","pivot":{"x":84,"y":26}},"left_climb":null,"left_floor":null,"thumb":{"file":"thumb.png","pivot":{"x":64,"y":19}}},{"type":"HAT","chip_offset":{"x":0,"y":0},"product_id":"hat_pk02_TenGallonHat","player_material":false,"main":{"file":"main.png","pivot":{"x":107.99999,"y":9}},"back":null,"left_main":null,"left_back":null,"climb":{"file":"climb.png","pivot":{"x":71,"y":35}},"floor":{"file":"floor.png","pivot":{"x":100,"y":41}},"left_climb":null,"left_floor":null,"thumb":{"file":"thumb.png","pivot":{"x":107.99999,"y":9}}},{"type":"HAT","chip_offset":{"x":0,"y":0},"product_id":"hat_pk02_ToiletPaperHat","player_material":false,"main":{"file":"main.png","pivot":{"x":61.999996,"y":-14}},"back":null,"left_main":null,"left_back":null,"climb":{"file":"climb.png","pivot":{"x":20,"y":1}},"floor":{"file":"floor.png","pivot":{"x":53,"y":42}},"left_climb":null,"left_floor":null,"thumb":{"file":"thumb.png","pivot":{"x":61.999996,"y":-14}}},{"type":"HAT","chip_offset":{"x":0,"y":0},"product_id":"hat_pk03_Fedora","player_material":false,"main":{"file":"main.png","pivot":{"x":84,"y":6}},"back":null,"left_main":null,"left_back":null,"climb":{"file":"climb.png","pivot":{"x":49,"y":36}},"floor":{"file":"floor.png","pivot":{"x":99.99999,"y":35}},"left_climb":null,"left_floor":null,"thumb":{"file":"thumb.png","pivot":{"x":84,"y":6}}},{"type":"HAT","chip_offset":{"x":0,"y":0.2},"product_id":"hat_pk03_Goggles","player_material":false,"main":{"file":"main.png","pivot":{"x":57,"y":25.000002}},"back":null,"left_main":null,"left_back":null,"climb":{"file":"climb.png","pivot":{"x":70,"y":4}},"floor":{"file":"floor.png","pivot":{"x":100.00001,"y":32}},"left_climb":null,"left_floor":null,"thumb":{"file":"thumb.png","pivot":{"x":57,"y":25.000002}}},{"type":"HAT","chip_offset":{"x":-0.05,"y":0.2},"product_id":"hat_pk03_StrapHat","player_material":false,"main":{"file":"main.png","pivot":{"x":100,"y":91}},"back":null,"left_main":null,"left_back":null,"climb":{"file":"climb.png","pivot":{"x":74,"y":47}},"floor":{"file":"floor.png","pivot":{"x":105.99999,"y":71}},"left_climb":null,"left_floor":null,"thumb":{"file":"thumb.png","pivot":{"x":100,"y":91}}},{"type":"HAT","chip_offset":{"x":0,"y":0},"product_id":"hat_pk04_Antenna","player_material":false,"main":{"file":"main.png","pivot":{"x":51,"y":-17}},"back":null,"left_main":null,"left_back":null,"climb":{"file":"climb.png","pivot":{"x":33,"y":-12}},"floor":{"file":"floor.png","pivot":{"x":52,"y":38}},"left_climb":null,"left_floor":null,"thumb":{"file":"thumb.png","pivot":{"x":51,"y":-17}}},{"type":"HAT","chip_offset":{"x":0,"y":0},"product_id":"hat_pk04_Balloon","player_material":true,"main":{"file":"main.png","pivot":{"x":44,"y":-22}},"back":null,"left_main":null,"left_back":null,"climb":{"file":"climb.png","pivot":{"x":38,"y":-12}},"floor":{"file":"floor.png","pivot":{"x":45,"y":32}},"left_climb":null,"left_floor":null,"thumb":{"file":"thumb.png","pivot":{"x":44,"y":-22}}},{"type":"HAT","chip_offset":{"x":0,"y":0},"product_id":"hat_pk04_Banana","player_material":false,"main":{"file":"main.png","pivot":{"x":80.00001,"y":17}},"back":null,"left_main":null,"left_back":null,"climb":{"file":"climb.png","pivot":{"x":62,"y":25}},"floor":{"file":"floor.png","pivot":{"x":78,"y":30}},"left_climb":null,"left_floor":null,"thumb":{"file":"thumb.png","pivot":{"x":80.00001,"y":17}}},{"type":"HAT","chip_offset":{"x":0,"y":0.2},"product_id":"hat_pk04_Bandana","player_material":false,"main":{"file":"main.png","pivot":{"x":97,"y":75}},"back":null,"left_main":null,"left_back":null,"climb":{"file":"climb.png","pivot":{"x":78,"y":74}},"floor":{"file":"floor.png","pivot":{"x":111.99999,"y":51}},"left_climb":null,"left_floor":null,"thumb":{"file":"thumb.png","pivot":{"x":97,"y":75}}},{"type":"HAT","chip_offset":{"x":0,"y":0},"product_id":"hat_pk04_Beanie","player_material":false,"main":{"file":"main.png","pivot":{"x":66,"y":9}},"back":null,"left_main":null,"left_back":null,"climb":{"file":"climb.png","pivot":{"x":67,"y":2}},"floor":{"file":"floor.png","pivot":{"x":65,"y":23}},"left_climb":null,"left_floor":null,"thumb":{"file":"thumb.png","pivot":{"x":66,"y":9}}},{"type":"HAT","chip_offset":{"x":0,"y":0},"product_id":"hat_pk04_Bear","player_material":false,"main":{"file":"main.png","pivot":{"x":55,"y":-5}},"back":null,"left_main":null,"left_back":null,"climb":{"file":"climb.png","pivot":{"x":66,"y":-12}},"floor":{"file":"floor.png","pivot":{"x":76,"y":26}},"left_climb":null,"left_floor":null,"thumb":{"file":"thumb.png","pivot":{"x":55,"y":-5}}},{"type":"HAT","chip_offset":{"x":0,"y":0},"product_id":"hat_pk04_BirdNest","player_material":false,"main":{"file":"main.png","pivot":{"x":62,"y":-9}},"back":null,"left_main":null,"left_back":null,"climb":{"file":"climb.png","pivot":{"x":50,"y":11}},"floor":{"file":"floor.png","pivot":{"x":109,"y":46.999996}},"left_climb":null,"left_floor":null,"thumb":{"file":"thumb.png","pivot":{"x":62,"y":-9}}},{"type":"HAT","chip_offset":{"x":0,"y":0},"product_id":"hat_pk04_Chef","player_material":false,"main":{"file":"main.png","pivot":{"x":103,"y":15.999999}},"back":null,"left_main":null,"left_back":null,"climb":{"file":"climb.png","pivot":{"x":33,"y":3}},"floor":{"file":"floor.png","pivot":{"x":71,"y":46}},"left_climb":null,"left_floor":null,"thumb":{"file":"thumb.png","pivot":{"x":103,"y":15.999999}}},{"type":"HAT","chip_offset":{"x":0,"y":0.2},"product_id":"hat_pk04_DoRag","player_material":false,"main":{"file":"main.png","pivot":{"x":103,"y":36}},"back":null,"left_main":null,"left_back":null,"climb":{"file":"climb.png","pivot":{"x":68,"y":38}},"floor":{"file":"floor.png","pivot":{"x":110,"y":18}},"left_climb":null,"left_floor":null,"thumb":{"file":"thumb.png","pivot":{"x":103,"y":36}}},{"type":"HAT","chip_offset":{"x":0,"y":0},"product_id":"hat_pk04_Fez","player_material":false,"main":{"file":"main.png","pivot":{"x":67,"y":7.9999995}},"back":null,"left_main":null,"left_back":null,"climb":{"file":"climb.png","pivot":{"x":38,"y":22}},"floor":{"file":"floor.png","pivot":{"x":87,"y":38}},"left_climb":null,"left_floor":null,"thumb":{"file":"thumb.png","pivot":{"x":67,"y":7.9999995}}},{"type":"HAT","chip_offset":{"x":0,"y":0},"product_id":"hat_pk04_GeneralHat","player_material":false,"main":{"file":"main.png","pivot":{"x":59.999996,"y":-3.0000002}},"back":null,"left_main":null,"left_back":null,"climb":{"file":"climb.png","pivot":{"x":58,"y":5}},"floor":{"file":"floor.png","pivot":{"x":86.00001,"y":33}},"left_climb":null,"left_floor":null,"thumb":{"file":"thumb.png","pivot":{"x":59.999996,"y":-3.0000002}}},{"type":"HAT","chip_offset":{"x":0,"y":0},"product_id":"hat_captain","player_material":false,"main":{"file":"main.png","pivot":{"x":61,"y":-3.9999998}},"back":null,"left_main":null,"left_back":null,"climb":{"file":"climb.png","pivot":{"x":60.000004,"y":3.9999998}},"floor":{"file":"floor.png","pivot":{"x":78,"y":29}},"left_climb":null,"left_floor":null,"thumb":{"file":"thumb.png","pivot":{"x":61,"y":-3.9999998}}},{"type":"HAT","chip_offset":{"x":0,"y":0},"product_id":"hat_pk04_HunterCap","player_material":false,"main":{"file":"main.png","pivot":{"x":75,"y":12}},"back":null,"left_main":null,"left_back":null,"climb":{"file":"climb.png","pivot":{"x":59,"y":7}},"floor":{"file":"floor.png","pivot":{"x":65,"y":16}},"left_climb":null,"left_floor":null,"thumb":{"file":"thumb.png","pivot":{"x":75,"y":12}}},{"type":"HAT","chip_offset":{"x":0,"y":0.2},"product_id":"hat_pk04_JungleHat","player_material":false,"main":{"file":"main.png","pivot":{"x":68,"y":43}},"back":null,"left_main":null,"left_back":null,"climb":{"file":"climb.png","pivot":{"x":78,"y":21}},"floor":{"file":"floor.png","pivot":{"x":90,"y":44}},"left_climb":null,"left_floor":null,"thumb":{"file":"thumb.png","pivot":{"x":68,"y":43}}},{"type":"HAT","chip_offset":{"x":0,"y":0},"product_id":"hat_pk04_Pompadour","player_material":false,"main":{"file":"main.png","pivot":{"x":57,"y":28}},"back":null,"left_main":null,"left_back":null,"climb":{"file":"climb.png","pivot":{"x":74,"y":19}},"floor":{"file":"floor.png","pivot":{"x":74,"y":36}},"left_climb":null,"left_floor":null,"thumb":{"file":"thumb.png","pivot":{"x":57,"y":28}}},{"type":"HAT","chip_offset":{"x":0,"y":0},"product_id":"hat_pk04_RamHorns","player_material":false,"main":{"file":"main.png","pivot":{"x":79,"y":10}},"back":{"file":"back.png","pivot":{"x":3,"y":-10}},"left_main":null,"left_back":null,"climb":{"file":"climb.png","pivot":{"x":100.00001,"y":12.000001}},"floor":{"file":"floor.png","pivot":{"x":52,"y":34}},"left_climb":null,"left_floor":null,"thumb":{"file":"thumb.png","pivot":{"x":79,"y":10}}},{"type":"HAT","chip_offset":{"x":0,"y":0},"product_id":"hat_pk04_Slippery","player_material":false,"main":{"file":"main.png","pivot":{"x":36,"y":17}},"back":{"file":"back.png","pivot":{"x":45,"y":8}},"left_main":{"file":"left_main.png","pivot":{"x":36,"y":17}},"left_back":null,"climb":{"file":"climb.png","pivot":{"x":61,"y":33}},"floor":{"file":"floor.png","pivot":{"x":74,"y":31}},"left_climb":null,"left_floor":null,"thumb":{"file":"thumb.png","pivot":{"x":36,"y":17}}},{"type":"HAT","chip_offset":{"x":0,"y":0},"product_id":"hat_pk04_Snowman","player_material":false,"main":{"file":"main.png","pivot":{"x":38,"y":-9}},"back":null,"left_main":null,"left_back":null,"climb":{"file":"climb.png","pivot":{"x":47,"y":0.99999994}},"floor":{"file":"floor.png","pivot":{"x":96,"y":25}},"left_climb":null,"left_floor":null,"thumb":{"file":"thumb.png","pivot":{"x":38,"y":-9}}},{"type":"HAT","chip_offset":{"x":-0.1,"y":0.35},"product_id":"hat_pk04_Vagabond","player_material":false,"main":{"file":"main.png","pivot":{"x":74,"y":67}},"back":null,"left_main":null,"left_back":null,"climb":{"file":"climb.png","pivot":{"x":83,"y":12}},"floor":{"file":"floor.png","pivot":{"x":84,"y":36}},"left_climb":null,"left_floor":null,"thumb":{"file":"thumb.png","pivot":{"x":74,"y":67}}},{"type":"HAT","chip_offset":{"x":0,"y":0},"product_id":"hat_pk05_Cheese","player_material":false,"main":{"file":"main.png","pivot":{"x":58,"y":-15}},"back":null,"left_main":null,"left_back":null,"climb":{"file":"climb.png","pivot":{"x":105,"y":-1.9999999}},"floor":{"file":"floor.png","pivot":{"x":75,"y":17}},"left_climb":null,"left_floor":null,"thumb":{"file":"thumb.png","pivot":{"x":58,"y":-15}}},{"type":"HAT","chip_offset":{"x":0,"y":0},"product_id":"hat_pk05_Cherry","player_material":false,"main":{"file":"main.png","pivot":{"x":39,"y":-14}},"back":null,"left_main":null,"left_back":null,"climb":{"file":"climb.png","pivot":{"x":32,"y":-8}},"floor":{"file":"floor.png","pivot":{"x":39,"y":22}},"left_climb":null,"left_floor":null,"thumb":{"file":"thumb.png","pivot":{"x":39,"y":-14}}},{"type":"HAT","chip_offset":{"x":0,"y":0},"product_id":"hat_pk05_Egg","player_material":false,"main":{"file":"main.png","pivot":{"x":52,"y":10}},"back":null,"left_main":null,"left_back":null,"climb":{"file":"climb.png","pivot":{"x":38,"y":-7}},"floor":{"file":"floor.png","pivot":{"x":92,"y":32}},"left_climb":null,"left_floor":null,"thumb":{"file":"thumb.png","pivot":{"x":52,"y":10}}},{"type":"HAT","chip_offset":{"x":-0.1,"y":0},"product_id":"hat_pk05_Fedora","player_material":false,"main":{"file":"main.png","pivot":{"x":80,"y":12.000001}},"back":null,"left_main":null,"left_back":null,"climb":{"file":"climb.png","pivot":{"x":48,"y":26}},"floor":{"file":"floor.png","pivot":{"x":90,"y":30}},"left_climb":null,"left_floor":null,"thumb":{"file":"thumb.png","pivot":{"x":80,"y":12.000001}}},{"type":"HAT","chip_offset":{"x":0,"y":0},"product_id":"hat_pk05_Flamingo","player_material":false,"main":{"file":"main.png","pivot":{"x":68,"y":-2}},"back":null,"left_main":null,"left_back":null,"climb":{"file":"climb.png","pivot":{"x":68,"y":1}},"floor":{"file":"floor.png","pivot":{"x":78,"y":31}},"left_climb":null,"left_floor":null,"thumb":{"file":"thumb.png","pivot":{"x":68,"y":-2}}},{"type":"HAT","chip_offset":{"x":0,"y":0},"product_id":"hat_pk05_FlowerPin","player_material":false,"main":{"file":"main.png","pivot":{"x":71,"y":22}},"back":null,"left_main":null,"left_back":null,"climb":{"file":"climb.png","pivot":{"x":55,"y":3}},"floor":{"file":"floor.png","pivot":{"x":103,"y":30}},"left_climb":null,"left_floor":null,"thumb":{"file":"thumb.png","pivot":{"x":71,"y":22}}},{"type":"HAT","chip_offset":{"x":0,"y":0},"product_id":"hat_pk05_Helmet","player_material":false,"main":{"file":"main.png","pivot":{"x":74,"y":11}},"back":null,"left_main":null,"left_back":null,"climb":{"file":"climb.png","pivot":{"x":69,"y":7}},"floor":{"file":"floor.png","pivot":{"x":92,"y":24}},"left_climb":null,"left_floor":null,"thumb":{"file":"thumb.png","pivot":{"x":74,"y":11}}},{"type":"HAT","chip_offset":{"x":0,"y":0},"product_id":"hat_pk05_Plant","player_material":false,"main":{"file":"main.png","pivot":{"x":65,"y":-21}},"back":null,"left_main":null,"left_back":null,"climb":{"file":"climb.png","pivot":{"x":80,"y":24}},"floor":{"file":"floor.png","pivot":{"x":45,"y":30}},"left_climb":null,"left_floor":null,"thumb":{"file":"thumb.png","pivot":{"x":65,"y":-21}}},{"type":"HAT","chip_offset":{"x":0,"y":0},"product_id":"hat_Ponytail","player_material":false,"main":{"file":"main.png","pivot":{"x":70,"y":30}},"back":null,"left_main":null,"left_back":null,"climb":{"file":"climb.png","pivot":{"x":72,"y":50}},"floor":{"file":"floor.png","pivot":{"x":123.00001,"y":39}},"left_climb":null,"left_floor":null,"thumb":{"file":"thumb.png","pivot":{"x":70,"y":30}}},{"type":"HAT","chip_offset":{"x":0,"y":0},"product_id":"hat_Rubberglove","player_material":false,"main":{"file":"main.png","pivot":{"x":68,"y":11}},"back":null,"left_main":null,"left_back":null,"climb":{"file":"climb.png","pivot":{"x":53,"y":13}},"floor":{"file":"floor.png","pivot":{"x":80,"y":24}},"left_climb":null,"left_floor":null,"thumb":{"file":"thumb.png","pivot":{"x":68,"y":11}}},{"type":"HAT","chip_offset":{"x":0,"y":0},"product_id":"hat_russian","player_material":false,"main":{"file":"main.png","pivot":{"x":56,"y":13}},"back":null,"left_main":null,"left_back":null,"climb":{"file":"climb.png","pivot":{"x":53,"y":1}},"floor":{"file":"floor.png","pivot":{"x":64,"y":29}},"left_climb":null,"left_floor":null,"thumb":{"file":"thumb.png","pivot":{"x":56,"y":13}}},{"type":"HAT","chip_offset":{"x":0,"y":0},"product_id":"hat_stethescope","player_material":false,"main":{"file":"main.png","pivot":{"x":50,"y":2.9999998}},"back":null,"left_main":null,"left_back":null,"climb":{"file":"climb.png","pivot":{"x":80,"y":14.000001}},"floor":{"file":"floor.png","pivot":{"x":65,"y":18}},"left_climb":null,"left_floor":null,"thumb":{"file":"thumb.png","pivot":{"x":50,"y":2.9999998}}},{"type":"HAT","chip_offset":{"x":0,"y":0},"product_id":"hat_tophat","player_material":false,"main":{"file":"main.png","pivot":{"x":137,"y":159}},"back":null,"left_main":null,"left_back":null,"climb":{"file":"climb.png","pivot":{"x":41,"y":28}},"floor":{"file":"floor.png","pivot":{"x":91,"y":32}},"left_climb":null,"left_floor":null,"thumb":{"file":"thumb.png","pivot":{"x":137,"y":159}}},{"type":"HAT","chip_offset":{"x":0,"y":0},"product_id":"hat_towelwizard","player_material":false,"main":{"file":"main.png","pivot":{"x":60,"y":23}},"back":null,"left_main":null,"left_back":null,"climb":{"file":"climb.png","pivot":{"x":61,"y":-0.99999994}},"floor":{"file":"floor.png","pivot":{"x":78,"y":24}},"left_climb":null,"left_floor":null,"thumb":{"file":"thumb.png","pivot":{"x":60,"y":23}}},{"type":"HAT","chip_offset":{"x":0,"y":0.25},"product_id":"hat_Unicorn","player_material":false,"main":{"file":"main.png","pivot":{"x":46,"y":-7}},"back":{"file":"back.png","pivot":{"x":66,"y":51}},"left_main":null,"left_back":null,"climb":{"file":"climb.png","pivot":{"x":27,"y":40}},"floor":{"file":"floor.png","pivot":{"x":107.99999,"y":35}},"left_climb":null,"left_floor":null,"thumb":{"file":"thumb.png","pivot":{"x":46,"y":-7}}},{"type":"HAT","chip_offset":{"x":0,"y":0},"product_id":"hat_viking","player_material":false,"main":{"file":"main.png","pivot":{"x":79,"y":11}},"back":{"file":"back.png","pivot":{"x":49,"y":11}},"left_main":null,"left_back":null,"climb":{"file":"climb.png","pivot":{"x":74,"y":4}},"floor":{"file":"floor.png","pivot":{"x":77.00001,"y":30}},"left_climb":null,"left_floor":null,"thumb":{"file":"thumb.png","pivot":{"x":79,"y":11}}},{"type":"HAT","chip_offset":{"x":0,"y":0},"product_id":"hat_wallcap","player_material":false,"main":{"file":"main.png","pivot":{"x":59,"y":11}},"back":null,"left_main":null,"left_back":null,"climb":{"file":"climb.png","pivot":{"x":53,"y":3}},"floor":{"file":"floor.png","pivot":{"x":59,"y":21}},"left_climb":null,"left_floor":null,"thumb":{"file":"thumb.png","pivot":{"x":59,"y":11}}},{"type":"HAT","chip_offset":{"x":0,"y":0},"product_id":"hat_pk04_CCC","player_material":false,"main":{"file":"main.png","pivot":{"x":56.000004,"y":9}},"back":null,"left_main":{"file":"left_main.png","pivot":{"x":56.000004,"y":9}},"left_back":null,"climb":{"file":"climb.png","pivot":{"x":45,"y":10}},"floor":{"file":"floor.png","pivot":{"x":59,"y":24}},"left_climb":null,"left_floor":null,"thumb":{"file":"thumb.png","pivot":{"x":56.000004,"y":9}}},{"type":"HAT","chip_offset":{"x":0,"y":0},"product_id":"hat_whitetophat","player_material":false,"main":{"file":"main.png","pivot":{"x":78,"y":4}},"back":null,"left_main":null,"left_back":null,"climb":{"file":"climb.png","pivot":{"x":43,"y":25}},"floor":{"file":"floor.png","pivot":{"x":90,"y":33}},"left_climb":null,"left_floor":null,"thumb":{"file":"thumb.png","pivot":{"x":78,"y":4}}},{"type":"HAT","chip_offset":{"x":0,"y":0},"product_id":"hat_Zipper","player_material":false,"main":{"file":"main.png","pivot":{"x":44.000004,"y":-9}},"back":null,"left_main":null,"left_back":null,"climb":{"file":"climb.png","pivot":{"x":29.999998,"y":-12.000001}},"floor":{"file":"floor.png","pivot":{"x":45,"y":23}},"left_climb":null,"left_floor":null,"thumb":{"file":"thumb.png","pivot":{"x":44.000004,"y":-9}}}]}